Variable,Mean1,SD1,N1,Mean2,SD2,N2
var1,95.55,2.163536002,260,75.47524752,6.571601892,202
var2,38.53076923,1.502576739,260,36.36138614,2.855228957,202
var3,0.861153846,0.102397021,260,0.78960396,0.107637874,202
